Date,Start (ET),Visitor/Neutral,Home/Neutral,Away_win,,,,,,,,,,,,
Wed Mar 10 2021,8:00p,Washington Wizards,Memphis Grizzlies,0,,,,,,,,,,,,
Wed Mar 10 2021,8:30p,San Antonio Spurs,Dallas Mavericks,0,,,,,,,,,,,,
Thu Mar 11 2021,7:00p,Detroit Pistons,Charlotte Hornets,0,,,,,,,,,,,,
Thu Mar 11 2021,7:30p,Boston Celtics,Brooklyn Nets,0,,,,,,,,,,,,
Thu Mar 11 2021,7:30p,Atlanta Hawks,Toronto Raptors,0,,,,,,,,,,,,
Thu Mar 11 2021,8:00p,Philadelphia 76ers,Chicago Bulls,1,,,,,,,,,,,,
Thu Mar 11 2021,8:00p,Orlando Magic,Miami Heat,0,,,,,,,,,,,,
Thu Mar 11 2021,8:00p,New York Knicks,Milwaukee Bucks,0,,,,,,,,,,,,
Thu Mar 11 2021,8:00p,Minnesota Timberwolves,New Orleans Pelicans,0,,,,Second Half Standings:,,,,,,,,
Thu Mar 11 2021,9:00p,Dallas Mavericks,Oklahoma City Thunder,1,,,,,,,,,,,,
Thu Mar 11 2021,10:00p,Golden State Warriors,Los Angeles Clippers,0,,,,Eastern Conference,Away wins,Home wins,Total wins,,Western Conference,Away wins,Home wins,Total wins
Thu Mar 11 2021,10:00p,Phoenix Suns,Portland Trail Blazers,1,,,,Milwaukee Bucks,18,17,35,,Los Angeles Lakers,17,17,34
Thu Mar 11 2021,10:00p,Houston Rockets,Sacramento Kings,1,,,,Brooklyn Nets,16,17,33,,Golden State Warriors,15,16,31
Fri Mar 12 2021,8:00p,Denver Nuggets,Memphis Grizzlies,1,,,,Toronto Raptors,11,16,27,,Dallas Mavericks,17,15,32
Fri Mar 12 2021,8:00p,Cleveland Cavaliers,New Orleans Pelicans,0,,,,Boston Celtics,10,16,26,,Los Angeles Clippers,13,15,28
Fri Mar 12 2021,8:00p,Philadelphia 76ers,Washington Wizards,0,,,,Miami Heat,11,14,25,,Denver Nuggets,9,19,28
Fri Mar 12 2021,9:00p,Miami Heat,Chicago Bulls,1,,,,Philadelphia 76ers,10,13,23,,Utah Jazz,9,18,27
Fri Mar 12 2021,9:00p,Orlando Magic,San Antonio Spurs,0,,,,Atlanta Hawks,7,16,23,,Phoenix Suns,9,14,23
Fri Mar 12 2021,10:00p,Houston Rockets,Utah Jazz,0,,,,Washington Wizards,4,14,18,,Memphis Grizzlies,8,12,20
Fri Mar 12 2021,10:30p,Indiana Pacers,Los Angeles Lakers,0,,,,Indiana Pacers,3,10,13,,Minnesota Timberwolves,4,10,14
Sat Mar 13 2021,2:00p,New York Knicks,Oklahoma City Thunder,0,,,,Orlando Magic,5,6,11,,Houston Rockets,2,8,10
Sat Mar 13 2021,7:00p,Detroit Pistons,Brooklyn Nets,0,,,,Detroit Pistons,0,7,7,,New Orleans Pelicans,4,7,11
Sat Mar 13 2021,7:00p,Toronto Raptors,Charlotte Hornets,1,,,,New York Knicks,0,6,6,,Portland Trail Blazers,3,6,9
Sat Mar 13 2021,7:00p,Milwaukee Bucks,Washington Wizards,1,,,,Charlotte Hornets,0,6,6,,San Antonio Spurs,0,7,7
Sat Mar 13 2021,7:30p,Sacramento Kings,Atlanta Hawks,0,,,,Chicago Bulls,0,5,5,,Oklahoma City Thunder,0,5,5
Sat Mar 13 2021,8:00p,Portland Trail Blazers,Minnesota Timberwolves,0,,,,Cleveland Cavaliers,0,4,4,,Sacramento Kings,0,5,5
Sat Mar 13 2021,10:00p,Dallas Mavericks,Denver Nuggets,0,,,,,,,,,,,,
Sat Mar 13 2021,10:00p,Indiana Pacers,Phoenix Suns,0,,,,Final Standing:,,,,,,,,
Sun Mar 14 2021,2:00p,Memphis Grizzlies,Oklahoma City Thunder,1,,,,,,,,,,,,
Sun Mar 14 2021,4:00p,Utah Jazz,Golden State Warriors,0,,,,Eastern Conference,Away wins,Home wins,Total wins,,Western Conference,Away wins,Home wins,Total wins
Sun Mar 14 2021,6:30p,San Antonio Spurs,Philadelphia 76ers,0,,,,Milwaukee Bucks,26,31,57,,Los Angeles Lakers,30,28,58
Sun Mar 14 2021,7:00p,Miami Heat,Orlando Magic,1,,,,Brooklyn Nets,27,30,57,,Utah Jazz,20,33,53
Sun Mar 14 2021,7:30p,Cleveland Cavaliers,Atlanta Hawks,0,,,,Philadelphia 76ers,18,29,47,,Los Angeles Clippers,25,27,52
Sun Mar 14 2021,8:00p,Boston Celtics,Houston Rockets,1,,,,Boston Celtics,17,28,45,,Golden State Warriors,22,28,50
Sun Mar 14 2021,8:00p,Portland Trail Blazers,Minnesota Timberwolves,0,,,,Toronto Raptors,20,24,44,,Dallas Mavericks,26,23,49
Sun Mar 14 2021,9:00p,Toronto Raptors,Chicago Bulls,1,,,,Miami Heat,19,24,43,,Denver Nuggets,21,28,49
Sun Mar 14 2021,9:00p,Los Angeles Clippers,New Orleans Pelicans,1,,,,Atlanta Hawks,15,24,39,,Phoenix Suns,21,26,47
Mon Mar 15 2021,7:00p,Sacramento Kings,Charlotte Hornets,0,,,,Washington Wizards,11,21,32,,Memphis Grizzlies,17,19,36
Mon Mar 15 2021,7:00p,Milwaukee Bucks,Washington Wizards,1,,,,Indiana Pacers,12,17,29,,Portland Trail Blazers,13,17,30
Mon Mar 15 2021,8:00p,New York Knicks,Brooklyn Nets,0,,,,New York Knicks,8,17,25,,New Orleans Pelicans,9,17,26
Mon Mar 15 2021,8:00p,San Antonio Spurs,Detroit Pistons,0,,,,Orlando Magic,10,14,24,,San Antonio Spurs,9,16,25
Mon Mar 15 2021,9:00p,Los Angeles Clippers,Dallas Mavericks,0,,,,Charlotte Hornets,8,15,23,,Minnesota Timberwolves,7,14,21
Mon Mar 15 2021,9:00p,Indiana Pacers,Denver Nuggets,0,,,,Chicago Bulls,9,12,21,,Houston Rockets,8,12,20
Mon Mar 15 2021,10:00p,Memphis Grizzlies,Phoenix Suns,0,,,,Cleveland Cavaliers,5,13,18,,Oklahoma City Thunder,9,11,20
Mon Mar 15 2021,10:30p,Los Angeles Lakers,Golden State Warriors,1,,,,Detroit Pistons,4,13,17,,Sacramento Kings,6,13,19
Tue Mar 16 2021,7:30p,Utah Jazz,Boston Celtics,0,,,,,,,,,,,,
Tue Mar 16 2021,8:00p,Oklahoma City Thunder,Chicago Bulls,0,,,,,,,,,,,,
Tue Mar 16 2021,8:00p,Atlanta Hawks,Houston Rockets,1,,,,,,,,,,,,
Tue Mar 16 2021,8:00p,Cleveland Cavaliers,Miami Heat,0,,,,,,,,,,,,
Tue Mar 16 2021,8:00p,New York Knicks,Philadelphia 76ers,0,,,,,,,,,,,,
Tue Mar 16 2021,10:00p,New Orleans Pelicans,Portland Trail Blazers,0,,,,,,,,,,,,
Tue Mar 16 2021,10:30p,Minnesota Timberwolves,Los Angeles Lakers,0,,,,,,,,,,,,
Wed Mar 17 2021,7:00p,Toronto Raptors,Detroit Pistons,1,,,,,,,,,,,,
Wed Mar 17 2021,7:00p,Brooklyn Nets,Indiana Pacers,1,,,,,,,,,,,,
Wed Mar 17 2021,7:00p,Milwaukee Bucks,Philadelphia 76ers,1,,,,,,,,,,,,
Wed Mar 17 2021,7:00p,Sacramento Kings,Washington Wizards,0,,,,,,,,,,,,
Wed Mar 17 2021,8:00p,San Antonio Spurs,Chicago Bulls,0,,,,,,,,,,,,
Wed Mar 17 2021,8:00p,Boston Celtics,Cleveland Cavaliers,1,,,,,,,,,,,,
Wed Mar 17 2021,8:00p,Golden State Warriors,Houston Rockets,1,,,,,,,,,,,,
Wed Mar 17 2021,9:00p,Charlotte Hornets,Denver Nuggets,0,,,,,,,,,,,,
Wed Mar 17 2021,9:00p,Miami Heat,Memphis Grizzlies,0,,,,,,,,,,,,
Wed Mar 17 2021,9:30p,Los Angeles Clippers,Dallas Mavericks,0,,,,,,,,,,,,
Thu Mar 18 2021,7:00p,Utah Jazz,Washington Wizards,0,,,,,,,,,,,,
Thu Mar 18 2021,7:30p,Oklahoma City Thunder,Atlanta Hawks,0,,,,,,,,,,,,
Thu Mar 18 2021,7:30p,Orlando Magic,New York Knicks,1,,,,,,,,,,,,
Thu Mar 18 2021,10:00p,Minnesota Timberwolves,Phoenix Suns,0,,,,,,,,,,,,
Thu Mar 18 2021,10:00p,New Orleans Pelicans,Portland Trail Blazers,0,,,,,,,,,,,,
Thu Mar 18 2021,10:30p,Charlotte Hornets,Los Angeles Lakers,0,,,,,,,,,,,,
Fri Mar 19 2021,7:30p,Sacramento Kings,Boston Celtics,0,,,,,,,,,,,,
Fri Mar 19 2021,7:30p,San Antonio Spurs,Cleveland Cavaliers,0,,,,,,,,,,,,
Fri Mar 19 2021,8:00p,Detroit Pistons,Houston Rockets,0,,,,,,,,,,,,
Fri Mar 19 2021,8:00p,Golden State Warriors,Memphis Grizzlies,1,,,,,,,,,,,,
Fri Mar 19 2021,8:00p,Indiana Pacers,Miami Heat,0,,,,,,,,,,,,
Fri Mar 19 2021,8:00p,Brooklyn Nets,Orlando Magic,1,,,,,,,,,,,,
Fri Mar 19 2021,8:00p,Utah Jazz,Toronto Raptors,0,,,,,,,,,,,,
Fri Mar 19 2021,9:00p,Chicago Bulls,Denver Nuggets,0,,,,,,,,,,,,
Fri Mar 19 2021,10:00p,Minnesota Timberwolves,Phoenix Suns,0,,,,,,,,,,,,
Fri Mar 19 2021,10:00p,Dallas Mavericks,Portland Trail Blazers,1,,,,,,,,,,,,
Sat Mar 20 2021,3:30p,Atlanta Hawks,Los Angeles Lakers,0,,,,,,,,,,,,
Sat Mar 20 2021,8:00p,Golden State Warriors,Memphis Grizzlies,1,,,,,,,,,,,,
Sat Mar 20 2021,8:00p,Sacramento Kings,Philadelphia 76ers,0,,,,,,,,,,,,
Sat Mar 20 2021,9:00p,San Antonio Spurs,Milwaukee Bucks,0,,,,,,,,,,,,
Sat Mar 20 2021,10:00p,Charlotte Hornets,Los Angeles Clippers,0,,,,,,,,,,,,
Sun Mar 21 2021,1:00p,Indiana Pacers,Miami Heat,0,,,,,,,,,,,,
Sun Mar 21 2021,2:00p,Oklahoma City Thunder,Houston Rockets,0,,,,,,,,,,,,
Sun Mar 21 2021,3:00p,New Orleans Pelicans,Denver Nuggets,0,,,,,,,,,,,,
Sun Mar 21 2021,3:30p,Orlando Magic,Boston Celtics,0,,,,,,,,,,,,
Sun Mar 21 2021,7:00p,Washington Wizards,Brooklyn Nets,0,,,,,,,,,,,,
Sun Mar 21 2021,7:00p,Toronto Raptors,Cleveland Cavaliers,1,,,,,,,,,,,,
Sun Mar 21 2021,7:00p,Chicago Bulls,Detroit Pistons,0,,,,,,,,,,,,
Sun Mar 21 2021,8:00p,Philadelphia 76ers,New York Knicks,1,,,,,,,,,,,,
Sun Mar 21 2021,10:00p,Los Angeles Lakers,Phoenix Suns,1,,,,,,,,,,,,
Sun Mar 21 2021,10:00p,Dallas Mavericks,Portland Trail Blazers,1,,,,,,,,,,,,
Mon Mar 22 2021,7:30p,Sacramento Kings,Cleveland Cavaliers,0,,,,,,,,,,,,
Mon Mar 22 2021,8:00p,Oklahoma City Thunder,Minnesota Timberwolves,0,,,,,,,,,,,,
Mon Mar 22 2021,8:30p,Charlotte Hornets,San Antonio Spurs,0,,,,,,,,,,,,
Mon Mar 22 2021,9:00p,Utah Jazz,Chicago Bulls,1,,,,,,,,,,,,
Mon Mar 22 2021,9:00p,Toronto Raptors,Houston Rockets,1,,,,,,,,,,,,
Mon Mar 22 2021,9:00p,Boston Celtics,Memphis Grizzlies,0,,,,,,,,,,,,
Mon Mar 22 2021,9:00p,Indiana Pacers,Milwaukee Bucks,0,,,,,,,,,,,,
Mon Mar 22 2021,10:00p,Atlanta Hawks,Los Angeles Clippers,0,,,,,,,,,,,,
Tue Mar 23 2021,7:00p,Denver Nuggets,Orlando Magic,1,,,,,,,,,,,,
Tue Mar 23 2021,7:30p,Los Angeles Lakers,New Orleans Pelicans,1,,,,,,,,,,,,
Tue Mar 23 2021,7:30p,Washington Wizards,New York Knicks,0,,,,,,,,,,,,
Tue Mar 23 2021,8:00p,Phoenix Suns,Miami Heat,0,,,,,,,,,,,,
Tue Mar 23 2021,10:00p,Philadelphia 76ers,Golden State Warriors,0,,,,,,,,,,,,
Tue Mar 23 2021,10:00p,Brooklyn Nets,Portland Trail Blazers,1,,,,,,,,,,,,
Wed Mar 24 2021,7:00p,Detroit Pistons,Indiana Pacers,0,,,,,,,,,,,,
Wed Mar 24 2021,7:30p,Boston Celtics,Milwaukee Bucks,0,,,,,,,,,,,,
Wed Mar 24 2021,7:30p,Denver Nuggets,Toronto Raptors,0,,,,,,,,,,,,
Wed Mar 24 2021,8:00p,Cleveland Cavaliers,Chicago Bulls,0,,,,,,,,,,,,
Wed Mar 24 2021,8:00p,Charlotte Hornets,Houston Rockets,0,,,,,,,,,,,,
Wed Mar 24 2021,8:00p,Dallas Mavericks,Minnesota Timberwolves,1,,,,,,,,,,,,
Wed Mar 24 2021,8:00p,Memphis Grizzlies,Oklahoma City Thunder,1,,,,,,,,,,,,
Wed Mar 24 2021,8:00p,Phoenix Suns,Orlando Magic,1,,,,,,,,,,,,
Wed Mar 24 2021,8:30p,Los Angeles Clippers,San Antonio Spurs,1,,,,,,,,,,,,
Wed Mar 24 2021,10:00p,Atlanta Hawks,Sacramento Kings,1,,,,,,,,,,,,
Wed Mar 24 2021,10:00p,Brooklyn Nets,Utah Jazz,1,,,,,,,,,,,,
Thu Mar 25 2021,7:30p,Portland Trail Blazers,Miami Heat,0,,,,,,,,,,,,
Thu Mar 25 2021,7:30p,Washington Wizards,New York Knicks,0,,,,,,,,,,,,
Thu Mar 25 2021,8:30p,Los Angeles Clippers,San Antonio Spurs,1,,,,,,,,,,,,
Thu Mar 25 2021,10:00p,Philadelphia 76ers,Los Angeles Lakers,0,,,,,,,,,,,,
Thu Mar 25 2021,10:00p,Golden State Warriors,Sacramento Kings,1,,,,,,,,,,,,
Fri Mar 26 2021,7:00p,Brooklyn Nets,Detroit Pistons,1,,,,,,,,,,,,
Fri Mar 26 2021,7:30p,Boston Celtics,Milwaukee Bucks,0,,,,,,,,,,,,
Fri Mar 26 2021,7:30p,Phoenix Suns,Toronto Raptors,0,,,,,,,,,,,,
Fri Mar 26 2021,8:00p,Miami Heat,Charlotte Hornets,1,,,,,,,,,,,,
Fri Mar 26 2021,8:00p,Houston Rockets,Minnesota Timberwolves,0,,,,,,,,,,,,
Fri Mar 26 2021,8:00p,Denver Nuggets,New Orleans Pelicans,1,,,,,,,,,,,,
Fri Mar 26 2021,8:00p,Portland Trail Blazers,Orlando Magic,0,,,,,,,,,,,,
Fri Mar 26 2021,8:30p,Indiana Pacers,Dallas Mavericks,0,,,,,,,,,,,,
Fri Mar 26 2021,9:00p,Memphis Grizzlies,Utah Jazz,0,,,,,,,,,,,,
Fri Mar 26 2021,10:00p,Atlanta Hawks,Golden State Warriors,0,,,,,,,,,,,,
Fri Mar 26 2021,10:30p,Cleveland Cavaliers,Los Angeles Lakers,0,,,,,,,,,,,,
Sat Mar 27 2021,8:00p,New York Knicks,Milwaukee Bucks,0,,,,,,,,,,,,
Sat Mar 27 2021,8:00p,Houston Rockets,Minnesota Timberwolves,0,,,,,,,,,,,,
Sat Mar 27 2021,8:00p,Detroit Pistons,Washington Wizards,0,,,,,,,,,,,,
Sat Mar 27 2021,8:30p,Chicago Bulls,San Antonio Spurs,0,,,,,,,,,,,,
Sat Mar 27 2021,9:00p,Dallas Mavericks,New Orleans Pelicans,1,,,,,,,,,,,,
Sat Mar 27 2021,9:00p,Boston Celtics,Oklahoma City Thunder,1,,,,,,,,,,,,
Sat Mar 27 2021,9:00p,Memphis Grizzlies,Utah Jazz,0,,,,,,,,,,,,
Sat Mar 27 2021,10:00p,Philadelphia 76ers,Los Angeles Clippers,0,,,,,,,,,,,,
Sat Mar 27 2021,10:00p,Cleveland Cavaliers,Sacramento Kings,0,,,,,,,,,,,,
Sun Mar 28 2021,1:00p,Phoenix Suns,Charlotte Hornets,1,,,,,,,,,,,,
Sun Mar 28 2021,7:00p,Portland Trail Blazers,Toronto Raptors,0,,,,,,,,,,,,
Sun Mar 28 2021,9:00p,Atlanta Hawks,Denver Nuggets,0,,,,,,,,,,,,
Sun Mar 28 2021,10:00p,Orlando Magic,Los Angeles Lakers,0,,,,,,,,,,,,
Mon Mar 29 2021,7:00p,Indiana Pacers,Washington Wizards,0,,,,,,,,,,,,
Mon Mar 29 2021,7:30p,New Orleans Pelicans,Boston Celtics,0,,,,,,,,,,,,
Mon Mar 29 2021,7:30p,Minnesota Timberwolves,Brooklyn Nets,0,,,,,,,,,,,,
Mon Mar 29 2021,7:30p,Miami Heat,New York Knicks,1,,,,,,,,,,,,
Mon Mar 29 2021,8:00p,Toronto Raptors,Detroit Pistons,1,,,,,,,,,,,,
Mon Mar 29 2021,8:00p,Memphis Grizzlies,Houston Rockets,0,,,,,,,,,,,,
Mon Mar 29 2021,8:00p,Dallas Mavericks,Oklahoma City Thunder,1,,,,,,,,,,,,
Mon Mar 29 2021,8:30p,Sacramento Kings,San Antonio Spurs,0,,,,,,,,,,,,
Mon Mar 29 2021,9:00p,Cleveland Cavaliers,Utah Jazz,0,,,,,,,,,,,,
Mon Mar 29 2021,10:00p,Chicago Bulls,Golden State Warriors,0,,,,,,,,,,,,
Mon Mar 29 2021,10:00p,Milwaukee Bucks,Los Angeles Clippers,1,,,,,,,,,,,,
Tue Mar 30 2021,7:00p,Charlotte Hornets,Washington Wizards,0,,,,,,,,,,,,
Tue Mar 30 2021,9:00p,Philadelphia 76ers,Denver Nuggets,0,,,,,,,,,,,,
Tue Mar 30 2021,10:00p,Orlando Magic,Los Angeles Clippers,0,,,,,,,,,,,,
Tue Mar 30 2021,10:00p,Atlanta Hawks,Phoenix Suns,0,,,,,,,,,,,,
Wed Mar 31 2021,7:00p,Portland Trail Blazers,Detroit Pistons,1,,,,,,,,,,,,
Wed Mar 31 2021,7:00p,Miami Heat,Indiana Pacers,1,,,,,,,,,,,,
Wed Mar 31 2021,7:30p,Dallas Mavericks,Boston Celtics,1,,,,,,,,,,,,
Wed Mar 31 2021,7:30p,Houston Rockets,Brooklyn Nets,0,,,,,,,,,,,,
Wed Mar 31 2021,8:00p,Utah Jazz,Memphis Grizzlies,1,,,,,,,,,,,,
Wed Mar 31 2021,8:00p,New York Knicks,Minnesota Timberwolves,0,,,,,,,,,,,,
Wed Mar 31 2021,8:00p,Toronto Raptors,Oklahoma City Thunder,1,,,,,,,,,,,,
Wed Mar 31 2021,8:30p,Sacramento Kings,San Antonio Spurs,0,,,,,,,,,,,,
Wed Mar 31 2021,10:00p,Milwaukee Bucks,Los Angeles Lakers,0,,,,,,,,,,,,
Wed Mar 31 2021,10:00p,Chicago Bulls,Phoenix Suns,0,,,,,,,,,,,,
Thu Apr 1 2021,7:00p,Philadelphia 76ers,Cleveland Cavaliers,1,,,,,,,,,,,,
Thu Apr 1 2021,7:00p,Washington Wizards,Detroit Pistons,1,,,,,,,,,,,,
Thu Apr 1 2021,7:30p,Charlotte Hornets,Brooklyn Nets,0,,,,,,,,,,,,
Thu Apr 1 2021,8:00p,Golden State Warriors,Miami Heat,1,,,,,,,,,,,,
Thu Apr 1 2021,8:00p,Orlando Magic,New Orleans Pelicans,0,,,,,,,,,,,,
Thu Apr 1 2021,8:30p,Atlanta Hawks,San Antonio Spurs,1,,,,,,,,,,,,
Thu Apr 1 2021,10:00p,Denver Nuggets,Los Angeles Clippers,0,,,,,,,,,,,,
Fri Apr 2 2021,7:00p,Golden State Warriors,Toronto Raptors,0,,,,,,,,,,,,
Fri Apr 2 2021,7:30p,Houston Rockets,Boston Celtics,0,,,,,,,,,,,,
Fri Apr 2 2021,7:30p,Dallas Mavericks,New York Knicks,1,,,,,,,,,,,,
Fri Apr 2 2021,8:00p,Charlotte Hornets,Indiana Pacers,0,,,,,,,,,,,,
Fri Apr 2 2021,8:00p,Minnesota Timberwolves,Memphis Grizzlies,0,,,,,,,,,,,,
Fri Apr 2 2021,9:00p,Atlanta Hawks,New Orleans Pelicans,0,,,,,,,,,,,,
Fri Apr 2 2021,9:00p,Chicago Bulls,Utah Jazz,0,,,,,,,,,,,,
Fri Apr 2 2021,10:00p,Oklahoma City Thunder,Phoenix Suns,0,,,,,,,,,,,,
Fri Apr 2 2021,10:00p,Milwaukee Bucks,Portland Trail Blazers,1,,,,,,,,,,,,
Fri Apr 2 2021,10:00p,Los Angeles Lakers,Sacramento Kings,1,,,,,,,,,,,,
Sat Apr 3 2021,7:00p,Dallas Mavericks,Washington Wizards,1,,,,,,,,,,,,
Sat Apr 3 2021,8:00p,New York Knicks,Detroit Pistons,0,,,,,,,,,,,,
Sat Apr 3 2021,8:00p,Cleveland Cavaliers,Miami Heat,0,,,,,,,,,,,,
Sat Apr 3 2021,8:00p,Minnesota Timberwolves,Philadelphia 76ers,0,,,,,,,,,,,,
Sat Apr 3 2021,9:00p,Indiana Pacers,San Antonio Spurs,1,,,,,,,,,,,,
Sat Apr 3 2021,9:00p,Orlando Magic,Utah Jazz,0,,,,,,,,,,,,
Sat Apr 3 2021,10:00p,Oklahoma City Thunder,Portland Trail Blazers,0,,,,,,,,,,,,
Sat Apr 3 2021,10:00p,Milwaukee Bucks,Sacramento Kings,1,,,,,,,,,,,,
Sun Apr 4 2021,2:00p,Brooklyn Nets,Chicago Bulls,1,,,,,,,,,,,,
Sun Apr 4 2021,3:30p,Los Angeles Lakers,Los Angeles Clippers,1,,,,,,,,,,,,
Sun Apr 4 2021,6:00p,Charlotte Hornets,Boston Celtics,0,,,,,,,,,,,,
Sun Apr 4 2021,7:00p,Memphis Grizzlies,Philadelphia 76ers,0,,,,,,,,,,,,
Sun Apr 4 2021,7:30p,Golden State Warriors,Atlanta Hawks,1,,,,,,,,,,,,
Sun Apr 4 2021,8:00p,New Orleans Pelicans,Houston Rockets,0,,,,,,,,,,,,
Sun Apr 4 2021,10:00p,Orlando Magic,Denver Nuggets,0,,,,,,,,,,,,
Mon Apr 5 2021,7:00p,New York Knicks,Brooklyn Nets,0,,,,,,,,,,,,
Mon Apr 5 2021,7:00p,Utah Jazz,Dallas Mavericks,0,,,,,,,,,,,,
Mon Apr 5 2021,7:00p,Sacramento Kings,Minnesota Timberwolves,0,,,,,,,,,,,,
Mon Apr 5 2021,7:00p,Detroit Pistons,Oklahoma City Thunder,0,,,,,,,,,,,,
Mon Apr 5 2021,7:00p,Cleveland Cavaliers,San Antonio Spurs,0,,,,,,,,,,,,
Mon Apr 5 2021,7:00p,Washington Wizards,Toronto Raptors,0,,,,,,,,,,,,
Mon Apr 5 2021,8:00p,Phoenix Suns,Houston Rockets,1,,,,,,,,,,,,
Tue Apr 6 2021,7:00p,Chicago Bulls,Indiana Pacers,0,,,,,,,,,,,,
Tue Apr 6 2021,7:30p,New Orleans Pelicans,Atlanta Hawks,0,,,,,,,,,,,,
Tue Apr 6 2021,7:30p,Philadelphia 76ers,Boston Celtics,1,,,,,,,,,,,,
Tue Apr 6 2021,7:30p,Los Angeles Lakers,Toronto Raptors,1,,,,,,,,,,,,
Tue Apr 6 2021,8:00p,Memphis Grizzlies,Miami Heat,0,,,,,,,,,,,,
Tue Apr 6 2021,9:00p,Detroit Pistons,Denver Nuggets,0,,,,,,,,,,,,
Tue Apr 6 2021,10:00p,Milwaukee Bucks,Golden State Warriors,1,,,,,,,,,,,,
Tue Apr 6 2021,10:00p,Portland Trail Blazers,Los Angeles Clippers,0,,,,,,,,,,,,
Wed Apr 7 2021,7:00p,Minnesota Timberwolves,Indiana Pacers,0,,,,,,,,,,,,
Wed Apr 7 2021,7:00p,Washington Wizards,Orlando Magic,0,,,,,,,,,,,,
Wed Apr 7 2021,7:30p,New York Knicks,Boston Celtics,0,,,,,,,,,,,,
Wed Apr 7 2021,7:30p,New Orleans Pelicans,Brooklyn Nets,0,,,,,,,,,,,,
Wed Apr 7 2021,8:00p,Memphis Grizzlies,Atlanta Hawks,0,,,,,,,,,,,,
Wed Apr 7 2021,8:00p,Dallas Mavericks,Houston Rockets,1,,,,,,,,,,,,
Wed Apr 7 2021,8:00p,Charlotte Hornets,Oklahoma City Thunder,0,,,,,,,,,,,,
Wed Apr 7 2021,9:00p,San Antonio Spurs,Denver Nuggets,0,,,,,,,,,,,,
Wed Apr 7 2021,10:00p,Utah Jazz,Phoenix Suns,1,,,,,,,,,,,,
Thu Apr 8 2021,7:30p,Los Angeles Lakers,Miami Heat,1,,,,,,,,,,,,
Thu Apr 8 2021,8:00p,Cleveland Cavaliers,Oklahoma City Thunder,0,,,,,,,,,,,,
Thu Apr 8 2021,9:00p,Milwaukee Bucks,Dallas Mavericks,1,,,,,,,,,,,,
Thu Apr 8 2021,10:00p,Phoenix Suns,Los Angeles Clippers,0,,,,,,,,,,,,
Thu Apr 8 2021,10:00p,Detroit Pistons,Sacramento Kings,0,,,,,,,,,,,,
Thu Apr 8 2021,10:00p,Portland Trail Blazers,Utah Jazz,0,,,,,,,,,,,,
Fri Apr 9 2021,7:00p,Indiana Pacers,Orlando Magic,0,,,,,,,,,,,,
Fri Apr 9 2021,7:30p,Chicago Bulls,Atlanta Hawks,0,,,,,,,,,,,,
Fri Apr 9 2021,7:30p,Minnesota Timberwolves,Boston Celtics,0,,,,,,,,,,,,
Fri Apr 9 2021,7:30p,Memphis Grizzlies,New York Knicks,1,,,,,,,,,,,,
Fri Apr 9 2021,8:00p,Toronto Raptors,Cleveland Cavaliers,1,,,,,,,,,,,,
Fri Apr 9 2021,8:00p,Philadelphia 76ers,New Orleans Pelicans,1,,,,,,,,,,,,
Fri Apr 9 2021,9:00p,San Antonio Spurs,Denver Nuggets,0,,,,,,,,,,,,
Fri Apr 9 2021,9:00p,Charlotte Hornets,Milwaukee Bucks,0,,,,,,,,,,,,
Fri Apr 9 2021,10:00p,Washington Wizards,Golden State Warriors,0,,,,,,,,,,,,
Fri Apr 9 2021,10:00p,Houston Rockets,Los Angeles Clippers,0,,,,,,,,,,,,
Sat Apr 10 2021,8:30p,Los Angeles Lakers,Brooklyn Nets,0,,,,,,,,,,,,
Sat Apr 10 2021,9:00p,Philadelphia 76ers,Oklahoma City Thunder,1,,,,,,,,,,,,
Sat Apr 10 2021,9:00p,Sacramento Kings,Utah Jazz,0,,,,,,,,,,,,
Sat Apr 10 2021,10:00p,Houston Rockets,Golden State Warriors,0,,,,,,,,,,,,
Sat Apr 10 2021,10:00p,Washington Wizards,Phoenix Suns,0,,,,,,,,,,,,
Sat Apr 10 2021,10:00p,Detroit Pistons,Portland Trail Blazers,0,,,,,,,,,,,,
Sun Apr 11 2021,1:00p,Atlanta Hawks,Charlotte Hornets,1,,,,,,,,,,,,
Sun Apr 11 2021,3:00p,Boston Celtics,Denver Nuggets,0,,,,,,,,,,,,
Sun Apr 11 2021,7:00p,New Orleans Pelicans,Cleveland Cavaliers,1,,,,,,,,,,,,
Sun Apr 11 2021,7:00p,Milwaukee Bucks,Orlando Magic,1,,,,,,,,,,,,
Sun Apr 11 2021,7:30p,Toronto Raptors,New York Knicks,1,,,,,,,,,,,,
Sun Apr 11 2021,8:00p,San Antonio Spurs,Dallas Mavericks,0,,,,,,,,,,,,
Sun Apr 11 2021,8:00p,Indiana Pacers,Memphis Grizzlies,0,,,,,,,,,,,,
Sun Apr 11 2021,8:00p,Chicago Bulls,Minnesota Timberwolves,0,,,,,,,,,,,,
Sun Apr 11 2021,10:00p,Detroit Pistons,Los Angeles Clippers,0,,,,,,,,,,,,
Sun Apr 11 2021,10:00p,Miami Heat,Portland Trail Blazers,1,,,,,,,,,,,,
Mon Apr 12 2021,7:30p,Los Angeles Lakers,New York Knicks,1,,,,,,,,,,,,
Mon Apr 12 2021,8:00p,Brooklyn Nets,Minnesota Timberwolves,1,,,,,,,,,,,,
Mon Apr 12 2021,8:00p,San Antonio Spurs,Orlando Magic,0,,,,,,,,,,,,
Mon Apr 12 2021,8:30p,Philadelphia 76ers,Dallas Mavericks,0,,,,,,,,,,,,
Mon Apr 12 2021,9:00p,Chicago Bulls,Memphis Grizzlies,0,,,,,,,,,,,,
Mon Apr 12 2021,9:00p,Sacramento Kings,New Orleans Pelicans,0,,,,,,,,,,,,
Mon Apr 12 2021,9:00p,Washington Wizards,Utah Jazz,0,,,,,,,,,,,,
Mon Apr 12 2021,10:00p,Denver Nuggets,Golden State Warriors,0,,,,,,,,,,,,
Mon Apr 12 2021,10:00p,Houston Rockets,Phoenix Suns,0,,,,,,,,,,,,
Tue Apr 13 2021,7:30p,Los Angeles Clippers,Indiana Pacers,1,,,,,,,,,,,,
Tue Apr 13 2021,7:30p,Atlanta Hawks,Toronto Raptors,0,,,,,,,,,,,,
Tue Apr 13 2021,8:00p,Los Angeles Lakers,Charlotte Hornets,1,,,,,,,,,,,,
Tue Apr 13 2021,9:00p,Oklahoma City Thunder,Utah Jazz,0,,,,,,,,,,,,
Tue Apr 13 2021,10:00p,Miami Heat,Phoenix Suns,0,,,,,,,,,,,,
Tue Apr 13 2021,10:00p,Boston Celtics,Portland Trail Blazers,1,,,,,,,,,,,,
Wed Apr 14 2021,7:00p,Cleveland Cavaliers,Charlotte Hornets,0,,,,,,,,,,,,
Wed Apr 14 2021,7:00p,Brooklyn Nets,Philadelphia 76ers,1,,,,,,,,,,,,
Wed Apr 14 2021,7:30p,San Antonio Spurs,Toronto Raptors,0,,,,,,,,,,,,
Wed Apr 14 2021,8:00p,Orlando Magic,Chicago Bulls,1,,,,,,,,,,,,
Wed Apr 14 2021,8:00p,Los Angeles Clippers,Detroit Pistons,1,,,,,,,,,,,,
Wed Apr 14 2021,8:00p,Milwaukee Bucks,Minnesota Timberwolves,1,,,,,,,,,,,,
Wed Apr 14 2021,8:00p,New York Knicks,New Orleans Pelicans,0,,,,,,,,,,,,
Wed Apr 14 2021,9:00p,Indiana Pacers,Houston Rockets,0,,,,,,,,,,,,
Wed Apr 14 2021,9:00p,Golden State Warriors,Oklahoma City Thunder,1,,,,,,,,,,,,
Wed Apr 14 2021,9:30p,Dallas Mavericks,Memphis Grizzlies,1,,,,,,,,,,,,
Wed Apr 14 2021,10:00p,Miami Heat,Denver Nuggets,0,,,,,,,,,,,,
Wed Apr 14 2021,10:00p,Washington Wizards,Sacramento Kings,1,,,,,,,,,,,,
Thu Apr 15 2021,7:30p,Milwaukee Bucks,Atlanta Hawks,1,,,,,,,,,,,,
Thu Apr 15 2021,8:00p,Golden State Warriors,Cleveland Cavaliers,1,,,,,,,,,,,,
Thu Apr 15 2021,10:00p,Boston Celtics,Los Angeles Lakers,0,,,,,,,,,,,,
Thu Apr 15 2021,10:00p,Sacramento Kings,Phoenix Suns,0,,,,,,,,,,,,
Fri Apr 16 2021,3:00p,Indiana Pacers,Utah Jazz,0,,,,,,,,,,,,
Fri Apr 16 2021,7:00p,Oklahoma City Thunder,Detroit Pistons,0,,,,,,,,,,,,
Fri Apr 16 2021,7:00p,Los Angeles Clippers,Philadelphia 76ers,1,,,,,,,,,,,,
Fri Apr 16 2021,7:00p,New Orleans Pelicans,Washington Wizards,0,,,,,,,,,,,,
Fri Apr 16 2021,7:30p,Charlotte Hornets,Brooklyn Nets,0,,,,,,,,,,,,
Fri Apr 16 2021,7:30p,Orlando Magic,Toronto Raptors,0,,,,,,,,,,,,
Fri Apr 16 2021,8:00p,Memphis Grizzlies,Chicago Bulls,1,,,,,,,,,,,,
Fri Apr 16 2021,8:00p,Denver Nuggets,Houston Rockets,1,,,,,,,,,,,,
Fri Apr 16 2021,8:00p,Miami Heat,Minnesota Timberwolves,1,,,,,,,,,,,,
Fri Apr 16 2021,8:30p,Portland Trail Blazers,San Antonio Spurs,1,,,,,,,,,,,,
Fri Apr 16 2021,9:30p,New York Knicks,Dallas Mavericks,0,,,,,,,,,,,,
Sat Apr 17 2021,4:30p,Utah Jazz,Los Angeles Lakers,0,,,,,,,,,,,,
Sat Apr 17 2021,8:00p,Cleveland Cavaliers,Chicago Bulls,0,,,,,,,,,,,,
Sat Apr 17 2021,8:00p,Detroit Pistons,Washington Wizards,0,,,,,,,,,,,,
Sat Apr 17 2021,8:30p,Golden State Warriors,Boston Celtics,1,,,,,,,,,,,,
Sat Apr 17 2021,9:00p,Memphis Grizzlies,Milwaukee Bucks,0,,,,,,,,,,,,
Sat Apr 17 2021,10:00p,San Antonio Spurs,Phoenix Suns,0,,,,,,,,,,,,
Sun Apr 18 2021,1:00p,Indiana Pacers,Atlanta Hawks,0,,,,,,,,,,,,
Sun Apr 18 2021,1:00p,New Orleans Pelicans,New York Knicks,1,,,,,,,,,,,,
Sun Apr 18 2021,3:30p,Brooklyn Nets,Miami Heat,1,,,,,,,,,,,,
Sun Apr 18 2021,7:00p,Portland Trail Blazers,Charlotte Hornets,1,,,,,,,,,,,,
Sun Apr 18 2021,7:00p,Houston Rockets,Orlando Magic,1,,,,,,,,,,,,
Sun Apr 18 2021,7:00p,Oklahoma City Thunder,Toronto Raptors,0,,,,,,,,,,,,
Sun Apr 18 2021,7:30p,Sacramento Kings,Dallas Mavericks,0,,,,,,,,,,,,
Sun Apr 18 2021,10:00p,Minnesota Timberwolves,Los Angeles Clippers,0,,,,,,,,,,,,
Mon Apr 19 2021,7:00p,Cleveland Cavaliers,Detroit Pistons,0,,,,,,,,,,,,
Mon Apr 19 2021,7:30p,Chicago Bulls,Boston Celtics,0,,,,,,,,,,,,
Mon Apr 19 2021,7:30p,Golden State Warriors,Philadelphia 76ers,1,,,,,,,,,,,,
Mon Apr 19 2021,8:00p,San Antonio Spurs,Indiana Pacers,0,,,,,,,,,,,,
Mon Apr 19 2021,8:00p,Houston Rockets,Miami Heat,0,,,,,,,,,,,,
Mon Apr 19 2021,8:00p,Phoenix Suns,Milwaukee Bucks,0,,,,,,,,,,,,
Mon Apr 19 2021,8:00p,Oklahoma City Thunder,Washington Wizards,0,,,,,,,,,,,,
Mon Apr 19 2021,9:00p,Memphis Grizzlies,Denver Nuggets,0,,,,,,,,,,,,
Mon Apr 19 2021,10:00p,Utah Jazz,Los Angeles Lakers,0,,,,,,,,,,,,
Tue Apr 20 2021,7:30p,Orlando Magic,Atlanta Hawks,0,,,,,,,,,,,,
Tue Apr 20 2021,7:30p,Brooklyn Nets,New Orleans Pelicans,1,,,,,,,,,,,,
Tue Apr 20 2021,7:30p,Charlotte Hornets,New York Knicks,0,,,,,,,,,,,,
Tue Apr 20 2021,10:00p,Los Angeles Clippers,Portland Trail Blazers,1,,,,,,,,,,,,
Tue Apr 20 2021,10:00p,Minnesota Timberwolves,Sacramento Kings,1,,,,,,,,,,,,
Wed Apr 21 2021,7:00p,Chicago Bulls,Cleveland Cavaliers,0,,,,,,,,,,,,
Wed Apr 21 2021,7:00p,Oklahoma City Thunder,Indiana Pacers,0,,,,,,,,,,,,
Wed Apr 21 2021,7:00p,Phoenix Suns,Philadelphia 76ers,0,,,,,,,,,,,,
Wed Apr 21 2021,7:00p,Brooklyn Nets,Toronto Raptors,1,,,,,,,,,,,,
Wed Apr 21 2021,7:00p,Golden State Warriors,Washington Wizards,1,,,,,,,,,,,,
Wed Apr 21 2021,8:00p,Utah Jazz,Houston Rockets,1,,,,,,,,,,,,
Wed Apr 21 2021,8:00p,Atlanta Hawks,New York Knicks,1,,,,,,,,,,,,
Wed Apr 21 2021,8:30p,Detroit Pistons,Dallas Mavericks,0,,,,,,,,,,,,
Wed Apr 21 2021,8:30p,Miami Heat,San Antonio Spurs,1,,,,,,,,,,,,
Wed Apr 21 2021,10:00p,Memphis Grizzlies,Los Angeles Clippers,0,,,,,,,,,,,,
Wed Apr 21 2021,10:00p,Denver Nuggets,Portland Trail Blazers,1,,,,,,,,,,,,
Wed Apr 21 2021,10:00p,Minnesota Timberwolves,Sacramento Kings,1,,,,,,,,,,,,
Thu Apr 22 2021,7:00p,Phoenix Suns,Boston Celtics,0,,,,,,,,,,,,
Thu Apr 22 2021,7:00p,Philadelphia 76ers,Milwaukee Bucks,0,,,,,,,,,,,,
Thu Apr 22 2021,7:00p,New Orleans Pelicans,Orlando Magic,0,,,,,,,,,,,,
Thu Apr 22 2021,8:30p,Detroit Pistons,San Antonio Spurs,0,,,,,,,,,,,,
Thu Apr 22 2021,9:00p,Charlotte Hornets,Chicago Bulls,0,,,,,,,,,,,,
Thu Apr 22 2021,9:30p,Los Angeles Lakers,Dallas Mavericks,1,,,,,,,,,,,,
Fri Apr 23 2021,7:30p,Miami Heat,Atlanta Hawks,0,,,,,,,,,,,,
Fri Apr 23 2021,7:30p,Boston Celtics,Brooklyn Nets,0,,,,,,,,,,,,
Fri Apr 23 2021,8:00p,Cleveland Cavaliers,Charlotte Hornets,0,,,,,,,,,,,,
Fri Apr 23 2021,8:00p,Los Angeles Clippers,Houston Rockets,1,,,,,,,,,,,,
Fri Apr 23 2021,8:00p,Washington Wizards,Oklahoma City Thunder,1,,,,,,,,,,,,
Fri Apr 23 2021,10:00p,Denver Nuggets,Golden State Warriors,0,,,,,,,,,,,,
Fri Apr 23 2021,10:00p,Memphis Grizzlies,Portland Trail Blazers,1,,,,,,,,,,,,
Sat Apr 24 2021,1:00p,Toronto Raptors,New York Knicks,1,,,,,,,,,,,,
Sat Apr 24 2021,3:30p,Philadelphia 76ers,Milwaukee Bucks,0,,,,,,,,,,,,
Sat Apr 24 2021,7:00p,Detroit Pistons,Indiana Pacers,0,,,,,,,,,,,,
Sat Apr 24 2021,8:00p,Chicago Bulls,Miami Heat,0,,,,,,,,,,,,
Sat Apr 24 2021,8:00p,San Antonio Spurs,New Orleans Pelicans,0,,,,,,,,,,,,
Sat Apr 24 2021,8:30p,Los Angeles Lakers,Dallas Mavericks,1,,,,,,,,,,,,
Sat Apr 24 2021,9:00p,Minnesota Timberwolves,Utah Jazz,0,,,,,,,,,,,,
Sat Apr 24 2021,10:00p,Houston Rockets,Denver Nuggets,0,,,,,,,,,,,,
Sun Apr 25 2021,1:00p,Boston Celtics,Charlotte Hornets,1,,,,,,,,,,,,
Sun Apr 25 2021,3:30p,Phoenix Suns,Brooklyn Nets,0,,,,,,,,,,,,
Sun Apr 25 2021,4:00p,Memphis Grizzlies,Portland Trail Blazers,1,,,,,,,,,,,,
Sun Apr 25 2021,7:00p,Cleveland Cavaliers,Washington Wizards,0,,,,,,,,,,,,
Sun Apr 25 2021,7:30p,Milwaukee Bucks,Atlanta Hawks,1,,,,,,,,,,,,
Sun Apr 25 2021,8:00p,Indiana Pacers,Orlando Magic,0,,,,,,,,,,,,
Sun Apr 25 2021,10:00p,Sacramento Kings,Golden State Warriors,0,,,,,,,,,,,,
Mon Apr 26 2021,7:00p,Atlanta Hawks,Detroit Pistons,1,,,,,,,,,,,,
Mon Apr 26 2021,7:00p,Los Angeles Lakers,Orlando Magic,1,,,,,,,,,,,,
Mon Apr 26 2021,7:00p,Oklahoma City Thunder,Philadelphia 76ers,0,,,,,,,,,,,,
Mon Apr 26 2021,7:00p,San Antonio Spurs,Washington Wizards,0,,,,,,,,,,,,
Mon Apr 26 2021,7:30p,Phoenix Suns,New York Knicks,1,,,,,,,,,,,,
Mon Apr 26 2021,7:30p,Cleveland Cavaliers,Toronto Raptors,0,,,,,,,,,,,,
Mon Apr 26 2021,8:00p,Chicago Bulls,Miami Heat,0,,,,,,,,,,,,
Mon Apr 26 2021,8:00p,Utah Jazz,Minnesota Timberwolves,1,,,,,,,,,,,,
Mon Apr 26 2021,8:00p,Los Angeles Clippers,New Orleans Pelicans,1,,,,,,,,,,,,
Mon Apr 26 2021,9:00p,Memphis Grizzlies,Denver Nuggets,0,,,,,,,,,,,,
Mon Apr 26 2021,10:00p,Dallas Mavericks,Sacramento Kings,1,,,,,,,,,,,,
Tue Apr 27 2021,7:00p,Oklahoma City Thunder,Boston Celtics,0,,,,,,,,,,,,
Tue Apr 27 2021,7:00p,Milwaukee Bucks,Charlotte Hornets,1,,,,,,,,,,,,
Tue Apr 27 2021,7:00p,Portland Trail Blazers,Indiana Pacers,0,,,,,,,,,,,,
Tue Apr 27 2021,7:30p,Brooklyn Nets,Toronto Raptors,1,,,,,,,,,,,,
Tue Apr 27 2021,8:00p,Minnesota Timberwolves,Houston Rockets,0,,,,,,,,,,,,
Tue Apr 27 2021,9:30p,Dallas Mavericks,Golden State Warriors,0,,,,,,,,,,,,
Wed Apr 28 2021,7:00p,Orlando Magic,Cleveland Cavaliers,1,,,,,,,,,,,,
Wed Apr 28 2021,7:00p,Atlanta Hawks,Philadelphia 76ers,0,,,,,,,,,,,,
Wed Apr 28 2021,7:00p,Los Angeles Lakers,Washington Wizards,1,,,,,,,,,,,,
Wed Apr 28 2021,7:30p,Charlotte Hornets,Boston Celtics,0,,,,,,,,,,,,
Wed Apr 28 2021,7:30p,Chicago Bulls,New York Knicks,0,,,,,,,,,,,,
Wed Apr 28 2021,8:00p,San Antonio Spurs,Miami Heat,0,,,,,,,,,,,,
Wed Apr 28 2021,9:00p,New Orleans Pelicans,Denver Nuggets,0,,,,,,,,,,,,
Wed Apr 28 2021,9:00p,Portland Trail Blazers,Memphis Grizzlies,0,,,,,,,,,,,,
Wed Apr 28 2021,10:00p,Los Angeles Clippers,Phoenix Suns,1,,,,,,,,,,,,
Wed Apr 28 2021,10:00p,Utah Jazz,Sacramento Kings,1,,,,,,,,,,,,
Thu Apr 29 2021,7:00p,Dallas Mavericks,Detroit Pistons,1,,,,,,,,,,,,
Thu Apr 29 2021,7:00p,Brooklyn Nets,Indiana Pacers,1,,,,,,,,,,,,
Thu Apr 29 2021,8:00p,Milwaukee Bucks,Houston Rockets,1,,,,,,,,,,,,
Thu Apr 29 2021,8:00p,Golden State Warriors,Minnesota Timberwolves,1,,,,,,,,,,,,
Thu Apr 29 2021,9:00p,Toronto Raptors,Denver Nuggets,0,,,,,,,,,,,,
Thu Apr 29 2021,9:00p,New Orleans Pelicans,Oklahoma City Thunder,1,,,,,,,,,,,,
Fri Apr 30 2021,7:00p,Atlanta Hawks,Philadelphia 76ers,0,,,,,,,,,,,,
Fri Apr 30 2021,7:30p,San Antonio Spurs,Boston Celtics,0,,,,,,,,,,,,
Fri Apr 30 2021,7:30p,Washington Wizards,Cleveland Cavaliers,1,,,,,,,,,,,,
Fri Apr 30 2021,8:00p,Portland Trail Blazers,Brooklyn Nets,0,,,,,,,,,,,,
Fri Apr 30 2021,8:00p,Orlando Magic,Memphis Grizzlies,0,,,,,,,,,,,,
Fri Apr 30 2021,9:00p,Milwaukee Bucks,Chicago Bulls,1,,,,,,,,,,,,
Fri Apr 30 2021,10:00p,Utah Jazz,Phoenix Suns,1,,,,,,,,,,,,
Fri Apr 30 2021,10:30p,Sacramento Kings,Los Angeles Lakers,0,,,,,,,,,,,,
Sat May 1 2021,7:00p,Detroit Pistons,Charlotte Hornets,0,,,,,,,,,,,,
Sat May 1 2021,7:30p,Golden State Warriors,Houston Rockets,1,,,,,,,,,,,,
Sat May 1 2021,8:00p,Chicago Bulls,Atlanta Hawks,0,,,,,,,,,,,,
Sat May 1 2021,8:00p,Miami Heat,Cleveland Cavaliers,1,,,,,,,,,,,,
Sat May 1 2021,8:00p,New Orleans Pelicans,Minnesota Timberwolves,0,,,,,,,,,,,,
Sat May 1 2021,8:00p,Indiana Pacers,Oklahoma City Thunder,1,,,,,,,,,,,,
Sat May 1 2021,8:00p,Memphis Grizzlies,Orlando Magic,1,,,,,,,,,,,,
Sat May 1 2021,9:00p,Washington Wizards,Dallas Mavericks,0,,,,,,,,,,,,
Sat May 1 2021,10:00p,Denver Nuggets,Los Angeles Clippers,0,,,,,,,,,,,,
Sat May 1 2021,10:00p,Toronto Raptors,Utah Jazz,0,,,,,,,,,,,,
Sun May 2 2021,3:30p,Brooklyn Nets,Milwaukee Bucks,0,,,,,,,,,,,,
Sun May 2 2021,7:30p,Portland Trail Blazers,Boston Celtics,0,,,,,,,,,,,,
Sun May 2 2021,8:00p,Miami Heat,Charlotte Hornets,1,,,,,,,,,,,,
Sun May 2 2021,8:00p,Sacramento Kings,Dallas Mavericks,0,,,,,,,,,,,,
Sun May 2 2021,8:00p,New York Knicks,Houston Rockets,0,,,,,,,,,,,,
Sun May 2 2021,8:00p,Phoenix Suns,Oklahoma City Thunder,1,,,,,,,,,,,,
Sun May 2 2021,8:00p,Philadelphia 76ers,San Antonio Spurs,1,,,,,,,,,,,,
Sun May 2 2021,10:00p,Toronto Raptors,Los Angeles Lakers,0,,,,,,,,,,,,
Mon May 3 2021,7:00p,Orlando Magic,Detroit Pistons,1,,,,,,,,,,,,
Mon May 3 2021,7:00p,Indiana Pacers,Washington Wizards,0,,,,,,,,,,,,
Mon May 3 2021,7:30p,Golden State Warriors,New Orleans Pelicans,1,,,,,,,,,,,,
Mon May 3 2021,8:00p,Portland Trail Blazers,Atlanta Hawks,0,,,,,,,,,,,,
Mon May 3 2021,9:00p,Philadelphia 76ers,Chicago Bulls,1,,,,,,,,,,,,
Mon May 3 2021,9:00p,New York Knicks,Memphis Grizzlies,0,,,,,,,,,,,,
Mon May 3 2021,10:00p,Denver Nuggets,Los Angeles Lakers,0,,,,,,,,,,,,
Mon May 3 2021,10:00p,San Antonio Spurs,Utah Jazz,0,,,,,,,,,,,,
Tue May 4 2021,7:00p,Phoenix Suns,Cleveland Cavaliers,1,,,,,,,,,,,,
Tue May 4 2021,7:00p,Charlotte Hornets,Detroit Pistons,0,,,,,,,,,,,,
Tue May 4 2021,7:30p,Brooklyn Nets,Milwaukee Bucks,0,,,,,,,,,,,,
Tue May 4 2021,8:00p,Dallas Mavericks,Miami Heat,1,,,,,,,,,,,,
Tue May 4 2021,8:00p,Golden State Warriors,New Orleans Pelicans,1,,,,,,,,,,,,
Tue May 4 2021,8:00p,Sacramento Kings,Oklahoma City Thunder,0,,,,,,,,,,,,
Tue May 4 2021,10:00p,Toronto Raptors,Los Angeles Clippers,0,,,,,,,,,,,,
Wed May 5 2021,7:00p,Boston Celtics,Orlando Magic,1,,,,,,,,,,,,
Wed May 5 2021,7:30p,Portland Trail Blazers,Cleveland Cavaliers,0,,,,,,,,,,,,
Wed May 5 2021,8:00p,Phoenix Suns,Atlanta Hawks,0,,,,,,,,,,,,
Wed May 5 2021,8:00p,Philadelphia 76ers,Houston Rockets,1,,,,,,,,,,,,
Wed May 5 2021,8:00p,Sacramento Kings,Indiana Pacers,0,,,,,,,,,,,,
Wed May 5 2021,8:00p,Washington Wizards,Milwaukee Bucks,0,,,,,,,,,,,,
Wed May 5 2021,8:00p,Memphis Grizzlies,Minnesota Timberwolves,0,,,,,,,,,,,,
Wed May 5 2021,9:00p,New York Knicks,Denver Nuggets,0,,,,,,,,,,,,
Wed May 5 2021,9:00p,San Antonio Spurs,Utah Jazz,0,,,,,,,,,,,,
Thu May 6 2021,7:00p,Chicago Bulls,Charlotte Hornets,0,,,,,,,,,,,,
Thu May 6 2021,7:30p,Brooklyn Nets,Dallas Mavericks,1,,,,,,,,,,,,
Thu May 6 2021,7:30p,Washington Wizards,Toronto Raptors,0,,,,,,,,,,,,
Thu May 6 2021,8:00p,Memphis Grizzlies,Detroit Pistons,1,,,,,,,,,,,,
Thu May 6 2021,8:00p,Atlanta Hawks,Indiana Pacers,1,,,,,,,,,,,,
Thu May 6 2021,10:00p,Oklahoma City Thunder,Golden State Warriors,0,,,,,,,,,,,,
Thu May 6 2021,10:00p,Los Angeles Lakers,Los Angeles Clippers,1,,,,,,,,,,,,
Fri May 7 2021,7:00p,New Orleans Pelicans,Philadelphia 76ers,0,,,,,,,,,,,,
Fri May 7 2021,7:30p,Boston Celtics,Chicago Bulls,1,,,,,,,,,,,,
Fri May 7 2021,8:00p,Orlando Magic,Charlotte Hornets,1,,,,,,,,,,,,
Fri May 7 2021,8:00p,Minnesota Timberwolves,Miami Heat,0,,,,,,,,,,,,
Fri May 7 2021,8:00p,Houston Rockets,Milwaukee Bucks,0,,,,,,,,,,,,
Fri May 7 2021,8:30p,Cleveland Cavaliers,Dallas Mavericks,0,,,,,,,,,,,,
Fri May 7 2021,10:00p,New York Knicks,Phoenix Suns,0,,,,,,,,,,,,
Fri May 7 2021,10:00p,Los Angeles Lakers,Portland Trail Blazers,1,,,,,,,,,,,,
Fri May 7 2021,10:00p,San Antonio Spurs,Sacramento Kings,0,,,,,,,,,,,,
Fri May 7 2021,10:00p,Denver Nuggets,Utah Jazz,0,,,,,,,,,,,,
Sat May 8 2021,7:00p,Washington Wizards,Indiana Pacers,0,,,,,,,,,,,,
Sat May 8 2021,7:00p,Detroit Pistons,Philadelphia 76ers,0,,,,,,,,,,,,
Sat May 8 2021,7:30p,Memphis Grizzlies,Toronto Raptors,0,,,,,,,,,,,,
Sat May 8 2021,10:00p,Brooklyn Nets,Denver Nuggets,1,,,,,,,,,,,,
Sat May 8 2021,10:00p,Oklahoma City Thunder,Golden State Warriors,0,,,,,,,,,,,,
Sat May 8 2021,10:00p,San Antonio Spurs,Portland Trail Blazers,0,,,,,,,,,,,,
Sat May 8 2021,10:00p,Houston Rockets,Utah Jazz,0,,,,,,,,,,,,
Sun May 9 2021,1:00p,Miami Heat,Boston Celtics,0,,,,,,,,,,,,
Sun May 9 2021,3:30p,New York Knicks,Los Angeles Clippers,0,,,,,,,,,,,,
Sun May 9 2021,7:00p,New Orleans Pelicans,Charlotte Hornets,1,,,,,,,,,,,,
Sun May 9 2021,7:00p,Dallas Mavericks,Cleveland Cavaliers,1,,,,,,,,,,,,
Sun May 9 2021,7:00p,Minnesota Timberwolves,Orlando Magic,1,,,,,,,,,,,,
Sun May 9 2021,8:00p,Chicago Bulls,Detroit Pistons,0,,,,,,,,,,,,
Sun May 9 2021,10:00p,Phoenix Suns,Los Angeles Lakers,0,,,,,,,,,,,,
Sun May 9 2021,10:00p,Oklahoma City Thunder,Sacramento Kings,0,,,,,,,,,,,,
Mon May 10 2021,7:30p,Washington Wizards,Atlanta Hawks,0,,,,,,,,,,,,
Mon May 10 2021,7:30p,Indiana Pacers,Cleveland Cavaliers,1,,,,,,,,,,,,
Mon May 10 2021,8:00p,New Orleans Pelicans,Memphis Grizzlies,0,,,,,,,,,,,,
Mon May 10 2021,8:30p,Milwaukee Bucks,San Antonio Spurs,1,,,,,,,,,,,,
Mon May 10 2021,10:00p,Utah Jazz,Golden State Warriors,0,,,,,,,,,,,,
Mon May 10 2021,10:00p,Houston Rockets,Portland Trail Blazers,0,,,,,,,,,,,,
Tue May 11 2021,7:00p,Miami Heat,Boston Celtics,0,,,,,,,,,,,,
Tue May 11 2021,7:00p,Denver Nuggets,Charlotte Hornets,1,,,,,,,,,,,,
Tue May 11 2021,7:00p,Minnesota Timberwolves,Detroit Pistons,1,,,,,,,,,,,,
Tue May 11 2021,7:30p,Los Angeles Clippers,Toronto Raptors,0,,,,,,,,,,,,
Tue May 11 2021,8:00p,Brooklyn Nets,Chicago Bulls,1,,,,,,,,,,,,
Tue May 11 2021,8:00p,Philadelphia 76ers,Indiana Pacers,1,,,,,,,,,,,,
Tue May 11 2021,8:00p,Dallas Mavericks,Memphis Grizzlies,1,,,,,,,,,,,,
Tue May 11 2021,9:00p,Orlando Magic,Milwaukee Bucks,0,,,,,,,,,,,,
Tue May 11 2021,10:00p,Phoenix Suns,Golden State Warriors,0,,,,,,,,,,,,
Tue May 11 2021,10:00p,Oklahoma City Thunder,Sacramento Kings,0,,,,,,,,,,,,
Tue May 11 2021,10:30p,New York Knicks,Los Angeles Lakers,0,,,,,,,,,,,,
Wed May 12 2021,7:30p,Washington Wizards,Atlanta Hawks,0,,,,,,,,,,,,
Wed May 12 2021,8:00p,San Antonio Spurs,Brooklyn Nets,0,,,,,,,,,,,,
Wed May 12 2021,8:00p,Boston Celtics,Cleveland Cavaliers,1,,,,,,,,,,,,
Wed May 12 2021,9:00p,New Orleans Pelicans,Dallas Mavericks,0,,,,,,,,,,,,
Wed May 12 2021,9:00p,Portland Trail Blazers,Utah Jazz,0,,,,,,,,,,,,
Wed May 12 2021,10:30p,Houston Rockets,Los Angeles Lakers,0,,,,,,,,,,,,
Thu May 13 2021,7:00p,Los Angeles Clippers,Charlotte Hornets,1,,,,,,,,,,,,
Thu May 13 2021,7:00p,Milwaukee Bucks,Indiana Pacers,1,,,,,,,,,,,,
Thu May 13 2021,7:30p,Orlando Magic,Atlanta Hawks,0,,,,,,,,,,,,
Thu May 13 2021,7:30p,Philadelphia 76ers,Miami Heat,0,,,,,,,,,,,,
Thu May 13 2021,7:30p,San Antonio Spurs,New York Knicks,0,,,,,,,,,,,,
Thu May 13 2021,8:00p,Toronto Raptors,Chicago Bulls,1,,,,,,,,,,,,
Thu May 13 2021,8:00p,Sacramento Kings,Memphis Grizzlies,0,,,,,,,,,,,,
Thu May 13 2021,8:00p,Denver Nuggets,Minnesota Timberwolves,1,,,,,,,,,,,,
Thu May 13 2021,10:00p,Portland Trail Blazers,Phoenix Suns,0,,,,,,,,,,,,
Fri May 14 2021,7:00p,Cleveland Cavaliers,Washington Wizards,0,,,,,,,,,,,,
Fri May 14 2021,8:00p,Denver Nuggets,Detroit Pistons,1,,,,,,,,,,,,
Fri May 14 2021,8:00p,Utah Jazz,Oklahoma City Thunder,1,,,,,,,,,,,,
Fri May 14 2021,8:00p,Orlando Magic,Philadelphia 76ers,0,,,,,,,,,,,,
Fri May 14 2021,9:00p,Toronto Raptors,Dallas Mavericks,0,,,,,,,,,,,,
Fri May 14 2021,9:00p,Los Angeles Clippers,Houston Rockets,1,,,,,,,,,,,,
Fri May 14 2021,9:00p,Sacramento Kings,Memphis Grizzlies,0,,,,,,,,,,,,
Fri May 14 2021,10:00p,New Orleans Pelicans,Golden State Warriors,0,,,,,,,,,,,,
Sat May 15 2021,,Chicago Bulls,Brooklyn Nets,0,,,,,,,,,,,,
Sat May 15 2021,,Los Angeles Lakers,Indiana Pacers,1,,,,,,,,,,,,
Sat May 15 2021,,Miami Heat,Milwaukee Bucks,0,,,,,,,,,,,,
Sat May 15 2021,,Boston Celtics,Minnesota Timberwolves,1,,,,,,,,,,,,
Sat May 15 2021,,Charlotte Hornets,New York Knicks,0,,,,,,,,,,,,
Sat May 15 2021,,Phoenix Suns,San Antonio Spurs,1,,,,,,,,,,,,
Sun May 16 2021,,Houston Rockets,Atlanta Hawks,0,,,,,,,,,,,,
Sun May 16 2021,,Cleveland Cavaliers,Brooklyn Nets,0,,,,,,,,,,,,
Sun May 16 2021,,Milwaukee Bucks,Chicago Bulls,1,,,,,,,,,,,,
Sun May 16 2021,,Miami Heat,Detroit Pistons,1,,,,,,,,,,,,
Sun May 16 2021,,Memphis Grizzlies,Golden State Warriors,0,,,,,,,,,,,,
Sun May 16 2021,,Dallas Mavericks,Minnesota Timberwolves,1,,,,,,,,,,,,
Sun May 16 2021,,Los Angeles Lakers,New Orleans Pelicans,1,,,,,,,,,,,,
Sun May 16 2021,,Boston Celtics,New York Knicks,1,,,,,,,,,,,,
Sun May 16 2021,,Los Angeles Clippers,Oklahoma City Thunder,1,,,,,,,,,,,,
Sun May 16 2021,,Orlando Magic,Philadelphia 76ers,0,,,,,,,,,,,,
Sun May 16 2021,,Denver Nuggets,Portland Trail Blazers,1,,,,,,,,,,,,
Sun May 16 2021,,Utah Jazz,Sacramento Kings,1,,,,,,,,,,,,
Sun May 16 2021,,Phoenix Suns,San Antonio Spurs,1,,,,,,,,,,,,
Sun May 16 2021,,Indiana Pacers,Toronto Raptors,0,,,,,,,,,,,,
Sun May 16 2021,,Charlotte Hornets,Washington Wizards,0,,,,,,,,,,,,
